FTB4444444,Puma ULTRA 3.4 Football Boots,Ultra-fast TPU SpeedUnit: PUMA's outsole infused with running spike DNA for rapid acceleration,70,50,11
GLF5555555,TaylorMade Golf Valls,TP5 pix 2.0 12 Golf Ball Pack,49,99,6
CYC1212121,MET Manta Road Helmet,Cutting edge performance and technically advanced safety features including MIPS-C2 technology,132,0,3
CYC1111222,Giro Strade Dure Supergel Mitts,Designed for exceptional cushioning thanks to Dual Layer Technogel with Rebound Foam padding,39,99,4
SWM2342341,Osprey Womens Wetsuit,Full length wetsuit with 5mm insulation layer is perfect for all water sports and adventures during coldest weather,99,9,7
RUN1234567,RunTech Shorts,High quality running shorts,10,0,10
CYC1111111,Cycle4ever Cycling Jacket,Ultra lightweight jacket for the urban cyclist,50,0,20
SWM2222222,7oceans Goggles,Super HiTech goggles for the extreme swimmer,24,99,8
GLF3333333,Titleist Golf Balls,Tour Soft 12 Golf Ball Pack,25,99,10
FTB4121611,Addidas Messi Training Top,From the iconic Messi range a slim fitting training top made with recycled materials,50,0,0
RUN1234500,Garmin Forerunner 265,Smart watch with built-in maps and a full-colour AMOLED touchscreen display,429,99,1
GLF5764531,Nike Golf Gillet,Therma-FIT ADV has advanced heat-regulating design that'll keep you warm on the golf course,139,95,2
