FTB4444444,Puma ULTRA 3.4 Football Boots,Ultra-fast TPU SpeedUnit: PUMA's outsole infused with running spike DNA for rapid acceleration,70,50,11
GLF5555555,TaylorMade Golf Valls,TP5 pix 2.0 12 Golf Ball Pack,49,99,6
CYC1212121,MET Manta Road Helmet,Cutting edge performance and technically advanced safety features including MIPS-C2 technology,132,0,3
CYC1111222,Giro Strade Dure Supergel Mitts,Designed for exceptional cushioning thanks to Dual Layer Technogel with Rebound Foam padding,39,99,4
SWM2342341,Osprey Womens Wetsuit,Full length wetsuit with 5mm insulation layer is perfect for all water sports and adventures during coldest weather,99,9,7
RUN1234567,Adidas M20 C/B Shorts,Colourblock slim-fit running shorts made with recycled materials,19,49,5
CYC1111111,Castelli Alpha ROS 2 Cycling Jacket,GORE-TEX INFINIUM™ WINDSTOPPER® 150 fabric on front and sleeves for wind and rain protection,110,0,10
SWM2222222,GUL 7 Seas Goggles,Come with 3 interchangeable lenses to make a splash in all swim conditions,23,0,8
GLF3333333,Titleist Golf Balls,Tour Soft 12 Golf Ball Pack,25,99,10
FTB4121611,Addidas Messi mini kit,Mini football kit screen printed with Messi Logo and made form 100% recycled materials,43,0,4
RUN1234500,Garmin Forerunner 265,Smart watch with built-in maps and a full-colour AMOLED touchscreen display,429,99,1
GLF5764531,Nike Golf Gillet,Therma-FIT ADV has advanced heat-regulating design that'll keep you warm on the golf course,139,95,2
FTB4121612,Argentina Home Jersey,Junior football jersey of 2022 World Cup winners,50,0,0
GLF5764731,Puma Mens Pineapples Golf Polo Shirt,The moisture-wicking fabric is perfect for a sunny day on the course; while the all-over pineapple print will have you looking like a pro,45,0,7
SWM2222221,GUL Junior Rash Vest,A long sleeve rash vest which is lightweight and features a flat lock seams to prevent chafing,13,0,4
